customer_id,first_name,last_name,email,phone,address,city
1,Tiffany,Pearson,cynthiakelley@gmail.com,(798)971-1829,937 Jeffrey Plains,Holmesview
2,Stacy,Sharp,walkererica@gmail.com,001-410-126-1605,34643 Cantrell Stravenue Apt. 038,Bryanshire
3,Victor,Bond,craigbonnie@gmail.com,550-806-3357x98114,850 Bowers Island Apt. 175,Codyshire
4,Michael,Hernandez,michael31@gmail.com,979-188-6476x585,704 Meyers Squares,Brianaberg
5,Kenneth,Kim,valentinejorge@gmail.com,001-650-274-4377x51817,127 Luis Motorway,South Penny
6,Ronald,Jackson,griffinmorgan@gmail.com,+1-494-299-1094x015,572 Ashley Parkway Suite 361,Lake Sally
7,Steven,Charles,charlottebond@gmail.com,274-230-8897x94687,47008 Joshua Burgs Apt. 939,Lake Nicolefort
8,Frank,Anderson,omendoza@gmail.com,+1-716-803-7100x2818,6718 Robert Freeway Suite 108,Evelynland
9,Kristen,Lowe,antoniowalker@gmail.com,635-910-7223x2142,518 Laura Rapids,Jenniferfort
10,Brandon,Leon,kari88@gmail.com,593.726.5585x07826,17482 Johnson Parkways,Mitchellberg
11,Jay,Collier,jeff89@gmail.com,909-706-0601x8109,21149 Earl Curve Apt. 010,Cassandrafurt
12,Travis,Logan,michael46@gmail.com,124-138-0504,7039 Beck Spur,New Ryan
13,Vincent,Miller,ycannon@gmail.com,001-044-806-3763x14545,1321 Robert View Apt. 529,Elizabethburgh
14,Robert,Strong,mknox@gmail.com,856.695.8307x97471,780 Elizabeth Path,Terryview
15,Nancy,Gamble,kleinrebecca@gmail.com,289.532.0115,47804 Burgess Pass,South Crystalville
16,Brandon,Wall,gdunlap@gmail.com,001-281-375-0005x666,950 Morgan Island,East Maria
17,Anthony,Lewis,joanne01@gmail.com,102.950.4130x2758,1644 Alexander Overpass Apt. 508,Fuenteschester
18,Kevin,Farrell,hpatterson@gmail.com,041.448.4893,10114 Garcia Prairie Apt. 014,Tonyahaven
19,John,Jackson,robert51@gmail.com,001-870-368-4211x457,411 Erin Circle Suite 932,Evelynchester
20,Matthew,Fitzpatrick,nbell@gmail.com,+1-110-575-2064x82548,5269 Nichols Wells,South Sarahmouth
21,Andrea,Martinez,christinetyler@gmail.com,+1-723-617-5527x099,54521 Thomas Prairie,Scottberg
22,Maria,Phillips,jbarrera@gmail.com,643.878.4745,497 Brandy Ferry Suite 088,East Vanessamouth
23,Kathleen,Charles,xjohnson@gmail.com,001-348-511-4710,6423 Mann Pike,South Michelle
24,Gregory,Stanley,nmendoza@gmail.com,(993)019-7660,236 Payne Spur Apt. 352,Jacquelineborough
25,Gordon,Brown,amy97@gmail.com,+1-104-787-0713,2821 Gerald Road Apt. 113,Lake Daisy
26,Dawn,Ryan,gcox@gmail.com,763-143-5351,88483 Baird Terrace Apt. 751,Thompsonhaven
27,Patricia,Zamora,qrasmussen@gmail.com,(029)862-8207,4234 Smith Meadows Apt. 003,Laurahaven
28,Jonathan,Lewis,danielfriedman@gmail.com,609.964.9225x85582,73184 David Turnpike Apt. 756,Hannahton
29,James,Woods,perezjustin@gmail.com,532.028.2942x3488,94558 Henry Course,South Micheleside
30,Natalie,Morris,andrea53@gmail.com,113.425.2463,8465 Patel Crest,Port Ryanland
31,Russell,Garcia,jennifer93@gmail.com,+1-244-395-1948x5552,33510 Lindsey Court,Wilsonburgh
32,Daniel,Martinez,kathystephenson@gmail.com,001-672-698-2076x1924,604 Patrick Cliff Suite 205,East Jessicaside
33,Dakota,Gay,youngrebecca@gmail.com,591-906-7463x5359,173 Erica Parks,East Karaport
34,Theresa,Hines,lawrence79@gmail.com,125.074.7661x73406,67862 Ward Greens,New Veronica
35,Patrick,Bowman,mirandamitchell@gmail.com,079.922.2213,096 Jonathan Lodge Suite 209,North Justinside
36,David,Werner,michelle02@gmail.com,+1-426-371-6579x68577,6570 Frye Brooks Suite 575,West Susan
37,Timothy,Bauer,griffithjohn@gmail.com,857.103.2043x48285,97735 Kimberly Corners Suite 918,Mistyburgh
38,James,Klein,adamkim@gmail.com,261.869.7834,578 Deleon Cape Apt. 418,North Thomasburgh
39,Gina,Wilson,jonathan55@gmail.com,001-051-726-5892x9700,05054 Randy Bridge,Reneebury
40,Brent,Walter,ronaldcox@gmail.com,001-760-010-0678x170,284 Rodriguez Club Apt. 701,Tylertown
41,John,Lopez,dwayne26@gmail.com,674-626-8117,3198 William Harbors,Josephtown
42,Patricia,Wong,trevor00@gmail.com,+1-708-562-3485x848,37148 Ashley Lock Suite 181,Cameronton
43,Kyle,Oconnor,stevenwood@gmail.com,435.322.6473,144 Allison Garden,Jamieport
44,Christina,West,kwhitaker@gmail.com,804-114-9435,367 Natalie Camp Suite 298,Port Jessicabury
45,Joshua,Campbell,kburns@gmail.com,(714)061-5240x4736,26888 Manuel Valley Suite 095,West Henryport
46,Robert,Hill,carlajohnson@gmail.com,(813)121-4821x67174,267 Kimberly Plain,Fostershire
47,Kayla,Weaver,carterjames@gmail.com,(191)268-9858,9596 Jackson Valleys,North Janicetown
48,Jillian,Mclean,tbowman@gmail.com,(321)044-3211x4398,90520 Mayer Turnpike Apt. 939,North Teresa
49,Kimberly,Alvarez,brittany82@gmail.com,(136)718-6456x70960,887 Heather Manors Suite 471,New Karenhaven
50,Randy,Stevens,thomas81@gmail.com,758-988-3091x874,484 Johnson Lock Apt. 679,Stevenside
51,Taylor,Sweeney,ikeller@gmail.com,(431)631-6423x4351,600 Scott Path Suite 227,New Nathan
52,Angela,Collier,torresjoyce@gmail.com,046.382.2083x5108,879 Williams Fall Suite 659,Daybury
53,Maureen,Myers,miguel90@gmail.com,787-570-8393x3036,8300 Salazar Springs Suite 255,West Brittney
54,Raven,Williams,hkennedy@gmail.com,(013)343-4422,778 Li Vista Apt. 230,East Crystal
55,Patrick,Cunningham,swansonthomas@gmail.com,+1-545-960-7403x5672,785 Johnson Well Apt. 130,Andrewsview
56,Patricia,Johnson,christina77@gmail.com,(865)610-9719x70090,5212 King Springs Apt. 316,Jamieville
57,Kevin,Monroe,dianagarcia@gmail.com,319.968.7683x6320,1941 Ruiz Track,Ginachester
58,Trevor,Estrada,scott82@gmail.com,+1-810-346-8247x84929,8427 Maurice Dam,Port Kyle
59,Anthony,Wallace,rcontreras@gmail.com,(535)212-6955,32492 Ayers Fields,North Kelly
60,Christine,Tucker,vsanchez@gmail.com,090.246.1201x5913,4028 Brown Harbors,Lauramouth
61,Alisha,Hall,pamela03@gmail.com,074.235.6991,6059 Ochoa Roads Apt. 476,New Juliaport
62,Jonathan,Harmon,andrewryan@gmail.com,(361)721-2331,486 Michael Drive,New Valeriemouth
63,Stephanie,Mooney,emily92@gmail.com,(323)613-0390x025,290 Perez Roads,South Laurieview
64,Gary,Lopez,harperbrianna@gmail.com,(126)527-9155,4312 Bailey Inlet,Port Judith
65,Laura,Walker,kerry70@gmail.com,244.019.3831x04620,57421 Becker Falls,East Bradleytown
66,Laura,Sheppard,heather95@gmail.com,572-547-2244,3044 Lisa Square,East Michaelview
67,Alex,Mayo,eringriffin@gmail.com,+1-196-548-1802,127 Wright Landing,North Samuel
68,Kathleen,Shaw,charles57@gmail.com,+1-477-902-0219x0481,120 Johnson Orchard,Lisamouth
69,Jody,Wiggins,austindaniel@gmail.com,594-684-5471,3537 Ryan Stravenue,New Rachelview
70,Laurie,Colon,bhughes@gmail.com,(285)901-0421x47626,31390 Lee Prairie Apt. 193,West Anne
71,Maria,Patterson,shawryan@gmail.com,643-117-4359x53816,17375 Wilson Lane,Jonesborough
72,Gregory,Bradford,candiceharrison@gmail.com,+1-414-245-1508x652,8160 Gonzales Rapid Suite 753,Kimberlyport
73,Patrick,Casey,kimberlyhartman@gmail.com,257-093-9762x18224,35652 Leslie Valleys Suite 986,Yuborough
74,Bonnie,Klein,adamslindsay@gmail.com,488-360-9881x3127,6815 Travis Neck,West Ronnie
75,James,Cook,morrisjeanne@gmail.com,592.869.6503x68807,641 Sandoval Inlet Apt. 253,Martinezport
76,Melissa,Cook,nross@gmail.com,579-443-8127x025,364 Robinson Rapid,Lake Brandonchester
77,Yolanda,Bautista,lematthew@gmail.com,001-725-773-2221x643,20540 Gutierrez Ramp Suite 891,Allenmouth
78,Aaron,Lawrence,tstevenson@gmail.com,+1-497-916-2206x0135,8721 Sandra Valleys Apt. 192,Port Paul
79,Brittany,Morales,pfuller@gmail.com,091-170-4393,1914 Smith Forest,Beverlyhaven
80,Kelly,Park,igardner@gmail.com,578-968-6355,78076 Katie Highway,Joshuaton
81,Garrett,Wise,aosborn@gmail.com,228-440-7611x32670,1232 Schmidt Center Apt. 086,Katherinebury
82,Michael,Wagner,bassjames@gmail.com,(638)330-7526x12397,937 Johnson Wells,Smithbury
83,Taylor,Blake,crystal14@gmail.com,989-596-3668,8311 Wagner Glen,North Michaelafurt
84,Gina,Smith,francisbrittany@gmail.com,(975)041-5071x1705,5450 Gross Turnpike Suite 808,Fordside
85,Randy,Thomas,melissawhite@gmail.com,7616910518,849 Bradley Parkways Suite 974,South Patrick
86,Kevin,Rodriguez,ibrown@gmail.com,001-170-953-8225x327,224 Tina Junction,Lake Kellyside
87,Mary,Hill,ulane@gmail.com,513.121.0549,501 Adrian Trace Suite 455,Lake Patriciaside
88,Adam,Guzman,joshuakelly@gmail.com,(990)649-3855x739,20223 Baxter Centers Apt. 197,Clarkville
89,Laurie,Daugherty,aaronkennedy@gmail.com,5056615300,02352 Kimberly Plain Apt. 578,Port Nicholaschester
90,Leslie,Perez,lmcmillan@gmail.com,093.437.0165,747 Savage Summit,Lake Thomas
91,Thomas,Hanson,barnettclaudia@gmail.com,+1-861-799-1079x55316,9745 Laura Cape,West Paul
92,Michael,Daniels,gina86@gmail.com,2515856619,94685 Davis Gardens,South Cynthia
93,Rachel,Lewis,khunt@gmail.com,+1-990-817-4993,753 Long Center Suite 368,New Todd
94,Dylan,Strickland,taylorbradley@gmail.com,184.153.6738x573,85326 Cook Way,Port Hunter
95,Yvonne,Cole,taylorfields@gmail.com,207-393-7681x96847,5388 Aaron Vista,Katherinestad
96,Tyler,Jones,brandysanders@gmail.com,0971259643,285 Stephanie Path Apt. 017,Thomasburgh
97,Robert,Gallegos,billycollins@gmail.com,349.023.8260x96282,8714 Oconnor Tunnel Apt. 463,New Cassiestad
98,Sandra,Gross,bryandavis@gmail.com,(993)104-4915x297,0256 Williams Ports Apt. 629,New Michaelland
99,Jacqueline,Davidson,lwong@gmail.com,001-909-150-7030x8630,07127 William Trafficway Suite 408,Lisatown
100,Darren,Smith,lopezcharles@gmail.com,001-456-908-8466,895 Lam Plaza,Lake Paul
